Paper_name,Paper_link,Included,Reason,Notes
Abdallah_etal_2015,https://pubmed.ncbi.nlm.nih.gov/25604310/,No,Less than 5 deletions total,
Addai_Mensah_etal_2020,https://www.ncbi.nlm.nih.gov/pmc/articles/PMC7364488/,No,Less than 5 deletions total,
Akinyi_etal_2013,https://pubmed.ncbi.nlm.nih.gov/24077522/,Yes,,
Akinyi_etal_2015,https://www.ncbi.nlm.nih.gov/pubmed/25978499,No,Data not available at sub-ADMIN1,
Akinyi_etal_2015B,http://journals.plos.org/plosone/article?id=10.1371/journal.pone.0126805,No,Less than 5 deletions total,
Alemayehu_etal_2021,https://www.ncbi.nlm.nih.gov/pmc/articles/PMC8095343/#MOESM3,Yes,,
Amoah_etal_2016,https://pubmed.ncbi.nlm.nih.gov/26891848/,No,Data not available at sub-ADMIN1,
Amoah_etal_2020,https://www.ncbi.nlm.nih.gov/pmc/articles/PMC7473533/,No,Data not available at sub-ADMIN1,
Atroosh_etal_2015,https://parasitesandvectors.biomedcentral.com/articles/10.1186/s13071-015-1008-x,No,Data not available at sub-ADMIN1,
Bakari_etal_2020,https://www.ncbi.nlm.nih.gov/pmc/articles/PMC7640459/,No,Less than 5 deletions total,
Baldeviano_etal_2015,https://www.ncbi.nlm.nih.gov/pmc/articles/PMC4412223/,No,Data not available at sub-ADMIN1,
Bendezu_etal_2022,https://journals.plos.org/plosone/article?id=10.1371/journal.pone.0273872,No,Mixed symptomatic and asymptomatic,
Berhane_etal_2017,https://malariajournal.biomedcentral.com/articles/10.1186/s12936-017-1752-9,No,Data not available at sub-ADMIN1,
Berhane_etal_2018,https://wwwnc.cdc.gov/eid/article/24/3/17-1723_article,Yes,,
Berzosa_etal_2020,https://malariajournal.biomedcentral.com/articles/10.1186/s12936-020-03178-9,No,Data not available at sub-ADMIN1,
Beshir_etal_2017,https://www.nature.com/articles/s41598-017-15031-2.epdf?author_access_token=If7t1PwEEsnM-DP8AsuBlNRgN0jAjWel9jnR3ZoTv0O4WmIwef1G51_B2J6lGihlrhYPQWM9rK5p8_ND_Osu-Un1FF590eYvkueXpFOjo__osjTdXh4r7Fmkl3AxaUn6nPFcbDOoJ3bRbiD-azYJaQ%3D%3D,No,Data not available at sub-ADMIN1,
Bharti_etal_2016,https://pubmed.ncbi.nlm.nih.gov/27518538/,Yes,,
Bosco_etal_2020,https://www.ncbi.nlm.nih.gov/pmc/articles/PMC7449024/,No,Data not available at sub-ADMIN1,
Bosco_etal_2020B,https://www.ncbi.nlm.nih.gov/pmc/articles/PMC7774953/,No,Data not available at sub-ADMIN1,
Boush_etal_2020,https://www.ncbi.nlm.nih.gov/pmc/articles/PMC7393171/,No,Less than 10 samples total,
CDC1,http://pdf.usaid.gov/pdf_docs/PA00JT5W.pdf,No,Data not available at sub-ADMIN1,
Costa_etal_2021,https://www.ncbi.nlm.nih.gov/pmc/articles/PMC8491578/,No,Data not available at sub-ADMIN1,
de_la_Fuente_etal_2023,https://pubmed.ncbi.nlm.nih.gov/36573593/,No,Data not available at sub-ADMIN1,
Deme_etal_2014,https://malariajournal.biomedcentral.com/articles/10.1186/1475-2875-13-34,No,Less than 5 deletions total,
Dong_etal_2019,https://malariajournal.biomedcentral.com/articles/10.1186/s12936-019-3084-4#citeas,No,Data not available at sub-ADMIN1,
Dorado_etal_2016,https://journals.plos.org/plosone/article?id=10.1371/journal.pone.0163137,Yes,,
Eyong_etal_2022,https://www.ncbi.nlm.nih.gov/pmc/articles/PMC9216387/,No,Data not available at sub-ADMIN1,
Feleke_etal_2021,https://www.ncbi.nlm.nih.gov/pmc/articles/PMC8478644/,Yes,,Used 2 HRP2- results from supplementary excel sheet
Fontecha_etal_2018,https://malariajournal.biomedcentral.com/articles/10.1186/s12936-018-2470-7,Yes,,
Funwei_etal_2019,https://pubmed.ncbi.nlm.nih.gov/31103699/,No,Data not available at sub-ADMIN1,
Gamboa_etal_2010,https://journals.plos.org/plosone/article?id=10.1371/journal.pone.0008091,Yes,,
Gibbons_etal_2020,https://academic.oup.com/jid/article/222/9/1561/5835314?login=false,No,Data not available at sub-ADMIN1,
Girma_etal_2018,https://academic.oup.com/cid/article/69/6/1003/5208346?login=false,No,Less than 5 deletions total,
Girma_etal_2019,https://academic.oup.com/cid/article-abstract/69/6/1003/5208346?redirectedFrom=fulltext,No,Data not available at sub-ADMIN1,
Goes_etal_2021,https://www.ncbi.nlm.nih.gov/pmc/articles/PMC7795390/,No,Data not available at sub-ADMIN1,
Golassa_etal_2020,https://www.ncbi.nlm.nih.gov/pmc/articles/PMC7644029/,No,Data not available at sub-ADMIN1,
Grignard_etal_2020,https://www.sciencedirect.com/science/article/pii/S2352396420301328#bib0042,No,Less than 5 deletions total,
Gupta_etal_2017,https://malariajournal.biomedcentral.com/articles/10.1186/s12936-017-2061-z,No,Less than 5 deletions total,
Herman_etal_2019,https://malariajournal.biomedcentral.com/articles/10.1186/s12936-019-3010-9#citeas,No,Less than 10 samples total,
Hosch_etal_2022,https://malariajournal.biomedcentral.com/articles/10.1186/s12936-022-04043-7#citeas,No,Less than 5 deletions total,
Houze_etal_2011,https://pubmed.ncbi.nlm.nih.gov/21543573/,No,Less than 10 samples total,
Iriart_etal_2020,https://www.ncbi.nlm.nih.gov/pmc/articles/PMC7534257/,No,Data not available at sub-ADMIN1,
Kaaya_etal_2022,https://www.nature.com/articles/s41598-022-09878-3,No,Less than 5 deletions total,
Khair_etal_2017,https://www.ajtmh.org/view/journals/tpmd/97/4/article-p1155.xml,No,Less than 10 samples total,
King_etal_2021,https://www.ncbi.nlm.nih.gov/pmc/articles/PMC8157453/,No,Less than 10 samples total,
Kobayashi_etal_2019,https://www.ncbi.nlm.nih.gov/pmc/articles/PMC6447119/,No,Less than 5 deletions total,
Koita_etal_2012,https://www.ncbi.nlm.nih.gov/pubmed/22302847,No,Data not available at sub-ADMIN1,
Kozycki_etal_2017,https://pubmed.ncbi.nlm.nih.gov/28320390/,No,Data not available at sub-ADMIN1,
Kreidenweiss_etal_2019,https://www.thelancet.com/article/S2352-3964(19)30723-6/fulltext#%20,No,Less than 5 deletions total,
Kumar_etal_2013,https://pubmed.ncbi.nlm.nih.gov/23041541/,No,Less than 5 deletions total,
Kumari_etal_2021,https://www.jvbd.org/article.asp?issn=0972-9062;year=2021;volume=58;issue=3;spage=273;epage=280;aulast=Kumari,No,Less than 10 samples total,
Laban_etal_2015,https://pubmed.ncbi.nlm.nih.gov/25888818/,No,Data not available at sub-ADMIN1,
Leonard_etal_2022,https://malariajournal.biomedcentral.com/articles/10.1186/s12936-022-04097-7#citeas,No,Data not available at sub-ADMIN1,
Li_etal_2015,https://www.ncbi.nlm.nih.gov/pmc/articles/PMC4918506/,No,Less than 5 deletions total,
Lynch_etal_2022,https://malariajournal.biomedcentral.com/articles/10.1186/s12936-022-04280-w,No,Less than 5 deletions total,
Maltha_etal_2012,https://www.ncbi.nlm.nih.gov/pmc/articles/PMC3429466/,No,Data not available at sub-ADMIN1,
McCaffery_etal_2021,https://www.ncbi.nlm.nih.gov/pmc/articles/PMC8626453/,No,Less than 5 deletions total,
McCaffery_etal_2022,https://www.ajtmh.org/view/journals/tpmd/106/6/article-p1667.xml#b12,No,Less than 5 deletions total,
Menegon_etal_2017,https://pubmed.ncbi.nlm.nih.gov/28889944/,No,Data not available at sub-ADMIN1,
Mihreteab_etal_2021,https://www.ncbi.nlm.nih.gov/pmc/articles/PMC8548324/#MOESM1,Yes,,
Munyeku_etal_2021,https://www.ncbi.nlm.nih.gov/pmc/articles/PMC8146217/,Yes,,
Murillo_etal_2015,http://journals.plos.org/plosone/article?id=10.1371/journal.pone.0131576,No,Less than 5 deletions total,
Mussa_etal_2019,https://bmcresnotes.biomedcentral.com/articles/10.1186/s13104-019-4361-6,No,Data not available at sub-ADMIN1,
Nderu_etal_2018,https://www.sciencedirect.com/science/article/abs/pii/S138357691830268X#bb0095,No,Less than 5 deletions total,
Nima_etal_2017,https://doi.org/10.4269/ajtmh.16-0884,No,Less than 10 samples total,
Niyukuri_etal_2022,https://journals.plos.org/globalpublichealth/article?id=10.1371/journal.pgph.0000828,No,Less than 5 deletions total,
Nolder_etal_2021,https://www.ncbi.nlm.nih.gov/pmc/articles/PMC8295040/,No,Less than 10 samples total,
Nsobya_etal_2021,https://www.ncbi.nlm.nih.gov/pmc/articles/PMC7777526/,No,Data not available at sub-ADMIN1,
Nundu_etal_2022,https://malariajournal.biomedcentral.com/articles/10.1186/s12936-022-04153-2#Tab4,No,Less than 5 deletions total,
Okoth_etal_2015,https://journals.plos.org/plosone/article?id=10.1371/journal.pone.0126805,No,Data not available at sub-ADMIN1,
Owusu_etal_2018,https://malariajournal.biomedcentral.com/articles/10.1186/s12936-018-2231-7,No,Less than 10 samples total,
Parr_etal_2017,https://pubmed.ncbi.nlm.nih.gov/28177502/,No,Data not available at sub-ADMIN1,
Parr_etal_2021,https://www.ncbi.nlm.nih.gov/pmc/articles/PMC7985209/,No,Less than 5 deletions total,
Pasquier_etal_2020,https://www.ncbi.nlm.nih.gov/pmc/articles/PMC7216663/,No,Less than 10 samples total,
Pati_etal_2018,https://malariajournal.biomedcentral.com/articles/10.1186/s12936-018-2502-3,No,Data not available at sub-ADMIN1,
Plucinski_etal_2019,https://pubmed.ncbi.nlm.nih.gov/31270184/,No,Less than 5 deletions total,
Prosser_etal_2021,https://www.ncbi.nlm.nih.gov/pmc/articles/PMC7853540/,No,Data not available at sub-ADMIN1,
Ramutton_etal_2012,https://pubmed.ncbi.nlm.nih.gov/22898068/,No,Less than 5 deletions total,
Ranadive_etal_2017,https://www.ncbi.nlm.nih.gov/pmc/articles/PMC5399938/,No,Less than 10 samples total,
Rogier_etal_2022,https://wwwnc.cdc.gov/eid/article/28/3/21-1499_article,No,Data not available at sub-ADMIN1,
Saenz_etal_2015,https://malariajournal.biomedcentral.com/articles/10.1186/s12936-015-1019-2#Tab3,No,Less than 5 deletions total,
Schlabe_etal_2021,https://www.ncbi.nlm.nih.gov/pmc/articles/PMC7952815/,No,Data not available at sub-ADMIN1,
Shakely_etal_2013,https://www.ncbi.nlm.nih.gov/pmc/articles/PMC3762850/,No,Less than 10 samples total,
Solano_etal_2015,https://journals.plos.org/plosone/article?id=10.1371/journal.pone.0131576,No,Less than 5 deletions total,
Stabler_etal_2022,https://malariajournal.biomedcentral.com/articles/10.1186/s12936-022-04376-3,No,Data not available at sub-ADMIN1,
Thang_etal_2022,https://malariajournal.biomedcentral.com/articles/10.1186/s12936-022-04399-w,No,Less than 5 deletions total,
Thomson_etal_2019,https://pubmed.ncbi.nlm.nih.gov/31249999/,No,Data not available at sub-ADMIN1,
Trouvay_etal_2013,https://journals.plos.org/plosone/article?id=10.1371/journal.pone.0074269,No,Less than 5 deletions total,
Valdivia_etal_2022,https://pubmed.ncbi.nlm.nih.gov/36400806/,Yes,,
Vera_Arias_2015,http://repositorio.puce.edu.ec/bitstream/handle/22000/9745/Claudia_Abigail_Vera_Arias.pdf?sequence=1&isAllowed=y,Yes,,
Vera_Arias_etal_2022,https://www.ncbi.nlm.nih.gov/pmc/articles/PMC9246365/,No,Data not available at sub-ADMIN1,
Viana_etal_2017,https://journals.plos.org/plosone/article?id=10.1371/journal.pone.0171150,No,Data not available at sub-ADMIN1,
Willie_etal_2018,https://pubmed.ncbi.nlm.nih.gov/29557337/,No,Less than 5 deletions total,
Wurtz_etal_2013,https://malariajournal.biomedcentral.com/articles/10.1186/1475-2875-12-34,No,Less than 5 deletions total,